{"cameraMode":{"drawMode":0,"name":"Shaded","section":"Shading Mode"},"sceneLighting":true,"audioPlay":false,"sceneViewState":{"showFog":false,"showMaterialUpdate":false,"showSkybox":false,"showFlares":false,"showImageEffects":false,"showParticleSystems":false},"in2DMode":false,"pivot":{"x":-11.181884765625,"y":0.48046875,"z":0.880859375},"rotation":{"x":-0.5695605874061585,"y":0.007396039552986622,"z":0.0051276893354952339,"w":0.8219001889228821},"size":43.204917907714847,"orthographic":true}