{"cameraMode":{"drawMode":0,"name":"Shaded","section":"Shading Mode"},"sceneLighting":true,"audioPlay":false,"sceneViewState":{"showFog":false,"showMaterialUpdate":false,"showSkybox":false,"showFlares":false,"showImageEffects":false,"showParticleSystems":false},"in2DMode":false,"pivot":{"x":-2.0041584968566896,"y":-2.5202815532684328,"z":0.18135762214660645},"rotation":{"x":-0.23478646576404572,"y":0.0029162480495870115,"z":0.0007043432560749352,"w":0.9720423817634583},"size":11.517860412597657,"orthographic":false}